Label,Count,Percentage
Benign,1398479,80.86993883052853
DoS,189262,10.944466354477608
DDoS,127928,7.397701027124364
BruteForce,8866,0.5126947760184214
WebAttack,2007,0.11605892346818991
PortScan,1479,0.08552623209240302
Bot,1228,0.07101163827550434
Other,45,0.0026022180149818364
