Model,Validation_Accuracy,Validation_F1_Macro
RF_SMOTE,0.9984967506687532,0.9176750158639687
RF_Baseline,0.9983579891920228,0.9118035715720124
MLP_SMOTE,0.9945613210092584,0.7988732843979722
MLP_Baseline,0.9943608877650922,0.7009123529090904
LGB_SMOTE,0.7767790377662486,0.2669518957341319
LGB_Baseline,0.436624549988822,0.20967466149867134
