Class,precision,recall,f1-score,support
Benign,0.9995895947964438,0.9985222121054664,0.9990556183553451,209773
Bot,0.8407643312101911,0.717391304347826,0.7741935483870968,184
BruteForce,1.0,0.9984962406015038,0.999247554552295,1330
DDoS,0.999895751889497,0.99968732086091,0.9997915255120655,19189
DoS,0.9978189749182116,0.9991546021346296,0.998486341875528,28389
Other,0.8333333333333334,0.7142857142857143,0.7692307692307693,7
PortScan,0.9907407407407407,0.963963963963964,0.9771689497716894,222
WebAttack,0.5635673624288425,0.9867109634551495,0.717391304347826,301
