Model,Val_Accuracy,Val_F1_Macro,Test_Accuracy,Test_F1_Macro,Gap_Accuracy,Gap_F1
RF_SMOTE,0.9984967506687532,0.9176750158639687,0.9984271092349506,0.9043207015040768,6.964143380261412e-05,0.013354314359891872
RF_Baseline,0.9983579891920228,0.9118035715720124,0.9983577169953161,0.898925742338096,2.7219670672984364e-07,0.012877829233916449
MLP_SMOTE,0.9945613210092584,0.7988732843979722,0.9947647410320168,0.7690988030000421,-0.00020342002275841597,0.029774481397930153
MLP_Baseline,0.9943608877650922,0.7009123529090904,0.994359952967482,0.6956756730692845,9.347976102080935e-07,0.005236679839805913
LGB_SMOTE,0.7767790377662486,0.2669518957341319,0.7745793095472157,0.2664709089127984,0.002199728219032915,0.0004809868213335178
LGB_Baseline,0.436624549988822,0.20967466149867134,0.43846257637965264,0.21073082550600603,-0.0018380263908306382,-0.0010561640073346867
